application,body,U_inf_mps,Re,u_tau_mps,shape,spacing_um,h_over_s,s_plus,lg_plus,DR_friction_pct,in_band
uav_wing,"flat-plate analogy, friction-dominated",8,153683.07193077338,0.45644,blade,20,0.5,0.585,0.403,0.373,False
uav_wing,"flat-plate analogy, friction-dominated",8,153683.07193077338,0.45644,scalloped,20,0.5,0.585,0.32,0.178,False
uav_wing,"flat-plate analogy, friction-dominated",8,153683.07193077338,0.45644,v-groove,20,0.5,0.585,0.292,0.155,False
uav_wing,"flat-plate analogy, friction-dominated",8,153683.07193077338,0.45644,u-groove,20,0.5,0.585,0.338,0.159,False
uav_wing,"flat-plate analogy, friction-dominated",8,153683.07193077338,0.45644,blade,30,0.5,0.877,0.604,0.559,False
uav_wing,"flat-plate analogy, friction-dominated",8,153683.07193077338,0.45644,scalloped,30,0.5,0.877,0.48,0.267,False
uav_wing,"flat-plate analogy, friction-dominated",8,153683.07193077338,0.45644,v-groove,30,0.5,0.877,0.438,0.233,False
uav_wing,"flat-plate analogy, friction-dominated",8,153683.07193077338,0.45644,u-groove,30,0.5,0.877,0.506,0.238,False
uav_wing,"flat-plate analogy, friction-dominated",8,153683.07193077338,0.45644,blade,40,0.5,1.169,0.806,0.746,False
uav_wing,"flat-plate analogy, friction-dominated",8,153683.07193077338,0.45644,scalloped,40,0.5,1.169,0.64,0.356,False
uav_wing,"flat-plate analogy, friction-dominated",8,153683.07193077338,0.45644,v-groove,40,0.5,1.169,0.585,0.31,False
uav_wing,"flat-plate analogy, friction-dominated",8,153683.07193077338,0.45644,u-groove,40,0.5,1.169,0.675,0.318,False
uav_wing,"flat-plate analogy, friction-dominated",8,153683.07193077338,0.45644,blade,50,0.5,1.461,1.007,0.932,False
uav_wing,"flat-plate analogy, friction-dominated",8,153683.07193077338,0.45644,scalloped,50,0.5,1.461,0.8,0.445,False
uav_wing,"flat-plate analogy, friction-dominated",8,153683.07193077338,0.45644,v-groove,50,0.5,1.461,0.731,0.388,False
uav_wing,"flat-plate analogy, friction-dominated",8,153683.07193077338,0.45644,u-groove,50,0.5,1.461,0.844,0.397,False
uav_wing,"flat-plate analogy, friction-dominated",8,153683.07193077338,0.45644,blade,60,0.5,1.754,1.209,1.118,False
uav_wing,"flat-plate analogy, friction-dominated",8,153683.07193077338,0.45644,scalloped,60,0.5,1.754,0.961,0.534,False
uav_wing,"flat-plate analogy, friction-dominated",8,153683.07193077338,0.45644,v-groove,60,0.5,1.754,0.877,0.465,False
uav_wing,"flat-plate analogy, friction-dominated",8,153683.07193077338,0.45644,u-groove,60,0.5,1.754,1.013,0.476,False
uav_wing,"flat-plate analogy, friction-dominated",8,153683.07193077338,0.45644,blade,80,0.5,2.338,1.612,1.491,False
uav_wing,"flat-plate analogy, friction-dominated",8,153683.07193077338,0.45644,scalloped,80,0.5,2.338,1.281,0.712,False
uav_wing,"flat-plate analogy, friction-dominated",8,153683.07193077338,0.45644,v-groove,80,0.5,2.338,1.169,0.62,False
uav_wing,"flat-plate analogy, friction-dominated",8,153683.07193077338,0.45644,u-groove,80,0.5,2.338,1.35,0.635,False
uav_wing,"flat-plate analogy, friction-dominated",8,153683.07193077338,0.45644,blade,100,0.5,2.923,2.014,1.864,False
uav_wing,"flat-plate analogy, friction-dominated",8,153683.07193077338,0.45644,scalloped,100,0.5,2.923,1.601,0.89,False
uav_wing,"flat-plate analogy, friction-dominated",8,153683.07193077338,0.45644,v-groove,100,0.5,2.923,1.461,0.775,False
uav_wing,"flat-plate analogy, friction-dominated",8,153683.07193077338,0.45644,u-groove,100,0.5,2.923,1.688,0.794,False
uav_wing,"flat-plate analogy, friction-dominated",8,153683.07193077338,0.45644,blade,150,0.5,4.384,3.022,2.796,False
uav_wing,"flat-plate analogy, friction-dominated",8,153683.07193077338,0.45644,scalloped,150,0.5,4.384,2.401,1.335,False
uav_wing,"flat-plate analogy, friction-dominated",8,153683.07193077338,0.45644,v-groove,150,0.5,4.384,2.192,1.163,False
uav_wing,"flat-plate analogy, friction-dominated",8,153683.07193077338,0.45644,u-groove,150,0.5,4.384,2.532,1.191,False
uav_wing,"flat-plate analogy, friction-dominated",8,153683.07193077338,0.45644,blade,200,0.5,5.846,4.029,3.728,False
uav_wing,"flat-plate analogy, friction-dominated",8,153683.07193077338,0.45644,scalloped,200,0.5,5.846,3.202,1.78,False
uav_wing,"flat-plate analogy, friction-dominated",8,153683.07193077338,0.45644,v-groove,200,0.5,5.846,2.923,1.55,False
uav_wing,"flat-plate analogy, friction-dominated",8,153683.07193077338,0.45644,u-groove,200,0.5,5.846,3.376,1.588,False
uav_wing,"flat-plate analogy, friction-dominated",10,192103.83991346674,0.55708,blade,20,0.5,0.713,0.492,0.455,False
uav_wing,"flat-plate analogy, friction-dominated",10,192103.83991346674,0.55708,scalloped,20,0.5,0.713,0.391,0.217,False
uav_wing,"flat-plate analogy, friction-dominated",10,192103.83991346674,0.55708,v-groove,20,0.5,0.713,0.357,0.189,False
uav_wing,"flat-plate analogy, friction-dominated",10,192103.83991346674,0.55708,u-groove,20,0.5,0.713,0.412,0.194,False
uav_wing,"flat-plate analogy, friction-dominated",10,192103.83991346674,0.55708,blade,30,0.5,1.07,0.738,0.682,False
uav_wing,"flat-plate analogy, friction-dominated",10,192103.83991346674,0.55708,scalloped,30,0.5,1.07,0.586,0.326,False
uav_wing,"flat-plate analogy, friction-dominated",10,192103.83991346674,0.55708,v-groove,30,0.5,1.07,0.535,0.284,False
uav_wing,"flat-plate analogy, friction-dominated",10,192103.83991346674,0.55708,u-groove,30,0.5,1.07,0.618,0.291,False
uav_wing,"flat-plate analogy, friction-dominated",10,192103.83991346674,0.55708,blade,40,0.5,1.427,0.983,0.91,False
uav_wing,"flat-plate analogy, friction-dominated",10,192103.83991346674,0.55708,scalloped,40,0.5,1.427,0.782,0.435,False
uav_wing,"flat-plate analogy, friction-dominated",10,192103.83991346674,0.55708,v-groove,40,0.5,1.427,0.713,0.378,False
uav_wing,"flat-plate analogy, friction-dominated",10,192103.83991346674,0.55708,u-groove,40,0.5,1.427,0.824,0.388,False
uav_wing,"flat-plate analogy, friction-dominated",10,192103.83991346674,0.55708,blade,50,0.5,1.784,1.229,1.137,False
uav_wing,"flat-plate analogy, friction-dominated",10,192103.83991346674,0.55708,scalloped,50,0.5,1.784,0.977,0.543,False
uav_wing,"flat-plate analogy, friction-dominated",10,192103.83991346674,0.55708,v-groove,50,0.5,1.784,0.892,0.473,False
uav_wing,"flat-plate analogy, friction-dominated",10,192103.83991346674,0.55708,u-groove,50,0.5,1.784,1.03,0.485,False
uav_wing,"flat-plate analogy, friction-dominated",10,192103.83991346674,0.55708,blade,60,0.5,2.14,1.475,1.365,False
uav_wing,"flat-plate analogy, friction-dominated",10,192103.83991346674,0.55708,scalloped,60,0.5,2.14,1.172,0.652,False
uav_wing,"flat-plate analogy, friction-dominated",10,192103.83991346674,0.55708,v-groove,60,0.5,2.14,1.07,0.568,False
uav_wing,"flat-plate analogy, friction-dominated",10,192103.83991346674,0.55708,u-groove,60,0.5,2.14,1.236,0.582,False
uav_wing,"flat-plate analogy, friction-dominated",10,192103.83991346674,0.55708,blade,80,0.5,2.854,1.967,1.82,False
uav_wing,"flat-plate analogy, friction-dominated",10,192103.83991346674,0.55708,scalloped,80,0.5,2.854,1.563,0.869,False
uav_wing,"flat-plate analogy, friction-dominated",10,192103.83991346674,0.55708,v-groove,80,0.5,2.854,1.427,0.757,False
uav_wing,"flat-plate analogy, friction-dominated",10,192103.83991346674,0.55708,u-groove,80,0.5,2.854,1.648,0.775,False
uav_wing,"flat-plate analogy, friction-dominated",10,192103.83991346674,0.55708,blade,100,0.5,3.567,2.459,2.275,False
uav_wing,"flat-plate analogy, friction-dominated",10,192103.83991346674,0.55708,scalloped,100,0.5,3.567,1.954,1.086,False
uav_wing,"flat-plate analogy, friction-dominated",10,192103.83991346674,0.55708,v-groove,100,0.5,3.567,1.784,0.946,False
uav_wing,"flat-plate analogy, friction-dominated",10,192103.83991346674,0.55708,u-groove,100,0.5,3.567,2.06,0.969,False
uav_wing,"flat-plate analogy, friction-dominated",10,192103.83991346674,0.55708,blade,150,0.5,5.351,3.688,3.412,False
uav_wing,"flat-plate analogy, friction-dominated",10,192103.83991346674,0.55708,scalloped,150,0.5,5.351,2.931,1.63,False
uav_wing,"flat-plate analogy, friction-dominated",10,192103.83991346674,0.55708,v-groove,150,0.5,5.351,2.675,1.419,False
uav_wing,"flat-plate analogy, friction-dominated",10,192103.83991346674,0.55708,u-groove,150,0.5,5.351,3.09,1.454,False
uav_wing,"flat-plate analogy, friction-dominated",10,192103.83991346674,0.55708,blade,200,0.5,7.134,4.917,4.549,False
uav_wing,"flat-plate analogy, friction-dominated",10,192103.83991346674,0.55708,scalloped,200,0.5,7.134,3.908,2.173,False
uav_wing,"flat-plate analogy, friction-dominated",10,192103.83991346674,0.55708,v-groove,200,0.5,7.134,3.567,1.892,False
uav_wing,"flat-plate analogy, friction-dominated",10,192103.83991346674,0.55708,u-groove,200,0.5,7.134,4.12,1.939,False
uav_wing,"flat-plate analogy, friction-dominated",12,230524.60789616007,0.65579,blade,20,0.5,0.84,0.579,0.536,False
uav_wing,"flat-plate analogy, friction-dominated",12,230524.60789616007,0.65579,scalloped,20,0.5,0.84,0.46,0.256,False
uav_wing,"flat-plate analogy, friction-dominated",12,230524.60789616007,0.65579,v-groove,20,0.5,0.84,0.42,0.223,False
uav_wing,"flat-plate analogy, friction-dominated",12,230524.60789616007,0.65579,u-groove,20,0.5,0.84,0.485,0.228,False
uav_wing,"flat-plate analogy, friction-dominated",12,230524.60789616007,0.65579,blade,30,0.5,1.26,0.868,0.803,False
uav_wing,"flat-plate analogy, friction-dominated",12,230524.60789616007,0.65579,scalloped,30,0.5,1.26,0.69,0.384,False
uav_wing,"flat-plate analogy, friction-dominated",12,230524.60789616007,0.65579,v-groove,30,0.5,1.26,0.63,0.334,False
uav_wing,"flat-plate analogy, friction-dominated",12,230524.60789616007,0.65579,u-groove,30,0.5,1.26,0.728,0.342,False
uav_wing,"flat-plate analogy, friction-dominated",12,230524.60789616007,0.65579,blade,40,0.5,1.68,1.158,1.071,False
uav_wing,"flat-plate analogy, friction-dominated",12,230524.60789616007,0.65579,scalloped,40,0.5,1.68,0.92,0.512,False
uav_wing,"flat-plate analogy, friction-dominated",12,230524.60789616007,0.65579,v-groove,40,0.5,1.68,0.84,0.445,False
uav_wing,"flat-plate analogy, friction-dominated",12,230524.60789616007,0.65579,u-groove,40,0.5,1.68,0.97,0.456,False
uav_wing,"flat-plate analogy, friction-dominated",12,230524.60789616007,0.65579,blade,50,0.5,2.1,1.447,1.339,False
uav_wing,"flat-plate analogy, friction-dominated",12,230524.60789616007,0.65579,scalloped,50,0.5,2.1,1.15,0.639,False
uav_wing,"flat-plate analogy, friction-dominated",12,230524.60789616007,0.65579,v-groove,50,0.5,2.1,1.05,0.557,False
uav_wing,"flat-plate analogy, friction-dominated",12,230524.60789616007,0.65579,u-groove,50,0.5,2.1,1.213,0.571,False
uav_wing,"flat-plate analogy, friction-dominated",12,230524.60789616007,0.65579,blade,60,0.5,2.52,1.737,1.607,False
uav_wing,"flat-plate analogy, friction-dominated",12,230524.60789616007,0.65579,scalloped,60,0.5,2.52,1.38,0.767,False
uav_wing,"flat-plate analogy, friction-dominated",12,230524.60789616007,0.65579,v-groove,60,0.5,2.52,1.26,0.668,False
uav_wing,"flat-plate analogy, friction-dominated",12,230524.60789616007,0.65579,u-groove,60,0.5,2.52,1.455,0.685,False
uav_wing,"flat-plate analogy, friction-dominated",12,230524.60789616007,0.65579,blade,80,0.5,3.359,2.315,2.142,False
uav_wing,"flat-plate analogy, friction-dominated",12,230524.60789616007,0.65579,scalloped,80,0.5,3.359,1.84,1.023,False
uav_wing,"flat-plate analogy, friction-dominated",12,230524.60789616007,0.65579,v-groove,80,0.5,3.359,1.68,0.891,False
uav_wing,"flat-plate analogy, friction-dominated",12,230524.60789616007,0.65579,u-groove,80,0.5,3.359,1.94,0.913,False
uav_wing,"flat-plate analogy, friction-dominated",12,230524.60789616007,0.65579,blade,100,0.5,4.199,2.894,2.678,False
uav_wing,"flat-plate analogy, friction-dominated",12,230524.60789616007,0.65579,scalloped,100,0.5,4.199,2.3,1.279,False
uav_wing,"flat-plate analogy, friction-dominated",12,230524.60789616007,0.65579,v-groove,100,0.5,4.199,2.1,1.114,False
uav_wing,"flat-plate analogy, friction-dominated",12,230524.60789616007,0.65579,u-groove,100,0.5,4.199,2.425,1.141,False
uav_wing,"flat-plate analogy, friction-dominated",12,230524.60789616007,0.65579,blade,150,0.5,6.299,4.341,4.017,False
uav_wing,"flat-plate analogy, friction-dominated",12,230524.60789616007,0.65579,scalloped,150,0.5,6.299,3.45,1.918,False
uav_wing,"flat-plate analogy, friction-dominated",12,230524.60789616007,0.65579,v-groove,150,0.5,6.299,3.149,1.67,False
uav_wing,"flat-plate analogy, friction-dominated",12,230524.60789616007,0.65579,u-groove,150,0.5,6.299,3.638,1.712,False
uav_wing,"flat-plate analogy, friction-dominated",12,230524.60789616007,0.65579,blade,200,0.5,8.399,5.788,5.356,False
uav_wing,"flat-plate analogy, friction-dominated",12,230524.60789616007,0.65579,scalloped,200,0.5,8.399,4.6,2.558,False
uav_wing,"flat-plate analogy, friction-dominated",12,230524.60789616007,0.65579,v-groove,200,0.5,8.399,4.199,2.227,False
uav_wing,"flat-plate analogy, friction-dominated",12,230524.60789616007,0.65579,u-groove,200,0.5,8.399,4.85,2.282,False
uav_wing,"flat-plate analogy, friction-dominated",15,288155.7598702001,0.80102,blade,20,0.5,1.026,0.707,0.654,False
uav_wing,"flat-plate analogy, friction-dominated",15,288155.7598702001,0.80102,scalloped,20,0.5,1.026,0.562,0.312,False
uav_wing,"flat-plate analogy, friction-dominated",15,288155.7598702001,0.80102,v-groove,20,0.5,1.026,0.513,0.272,False
uav_wing,"flat-plate analogy, friction-dominated",15,288155.7598702001,0.80102,u-groove,20,0.5,1.026,0.592,0.279,False
uav_wing,"flat-plate analogy, friction-dominated",15,288155.7598702001,0.80102,blade,30,0.5,1.539,1.061,0.981,False
uav_wing,"flat-plate analogy, friction-dominated",15,288155.7598702001,0.80102,scalloped,30,0.5,1.539,0.843,0.469,False
uav_wing,"flat-plate analogy, friction-dominated",15,288155.7598702001,0.80102,v-groove,30,0.5,1.539,0.769,0.408,False
uav_wing,"flat-plate analogy, friction-dominated",15,288155.7598702001,0.80102,u-groove,30,0.5,1.539,0.889,0.418,False
uav_wing,"flat-plate analogy, friction-dominated",15,288155.7598702001,0.80102,blade,40,0.5,2.052,1.414,1.308,False
uav_wing,"flat-plate analogy, friction-dominated",15,288155.7598702001,0.80102,scalloped,40,0.5,2.052,1.124,0.625,False
uav_wing,"flat-plate analogy, friction-dominated",15,288155.7598702001,0.80102,v-groove,40,0.5,2.052,1.026,0.544,False
uav_wing,"flat-plate analogy, friction-dominated",15,288155.7598702001,0.80102,u-groove,40,0.5,2.052,1.185,0.557,False
uav_wing,"flat-plate analogy, friction-dominated",15,288155.7598702001,0.80102,blade,50,0.5,2.565,1.768,1.635,False
uav_wing,"flat-plate analogy, friction-dominated",15,288155.7598702001,0.80102,scalloped,50,0.5,2.565,1.405,0.781,False
uav_wing,"flat-plate analogy, friction-dominated",15,288155.7598702001,0.80102,v-groove,50,0.5,2.565,1.282,0.68,False
uav_wing,"flat-plate analogy, friction-dominated",15,288155.7598702001,0.80102,u-groove,50,0.5,2.565,1.481,0.697,False
uav_wing,"flat-plate analogy, friction-dominated",15,288155.7598702001,0.80102,blade,60,0.5,3.078,2.121,1.962,False
uav_wing,"flat-plate analogy, friction-dominated",15,288155.7598702001,0.80102,scalloped,60,0.5,3.078,1.686,0.937,False
uav_wing,"flat-plate analogy, friction-dominated",15,288155.7598702001,0.80102,v-groove,60,0.5,3.078,1.539,0.816,False
uav_wing,"flat-plate analogy, friction-dominated",15,288155.7598702001,0.80102,u-groove,60,0.5,3.078,1.777,0.836,False
uav_wing,"flat-plate analogy, friction-dominated",15,288155.7598702001,0.80102,blade,80,0.5,4.103,2.828,2.617,False
uav_wing,"flat-plate analogy, friction-dominated",15,288155.7598702001,0.80102,scalloped,80,0.5,4.103,2.248,1.25,False
uav_wing,"flat-plate analogy, friction-dominated",15,288155.7598702001,0.80102,v-groove,80,0.5,4.103,2.052,1.088,False
uav_wing,"flat-plate analogy, friction-dominated",15,288155.7598702001,0.80102,u-groove,80,0.5,4.103,2.37,1.115,False
uav_wing,"flat-plate analogy, friction-dominated",15,288155.7598702001,0.80102,blade,100,0.5,5.129,3.535,3.271,False
uav_wing,"flat-plate analogy, friction-dominated",15,288155.7598702001,0.80102,scalloped,100,0.5,5.129,2.809,1.562,False
uav_wing,"flat-plate analogy, friction-dominated",15,288155.7598702001,0.80102,v-groove,100,0.5,5.129,2.565,1.36,False
uav_wing,"flat-plate analogy, friction-dominated",15,288155.7598702001,0.80102,u-groove,100,0.5,5.129,2.962,1.394,False
uav_wing,"flat-plate analogy, friction-dominated",15,288155.7598702001,0.80102,blade,150,0.5,7.694,5.303,4.906,False
uav_wing,"flat-plate analogy, friction-dominated",15,288155.7598702001,0.80102,scalloped,150,0.5,7.694,4.214,2.343,False
uav_wing,"flat-plate analogy, friction-dominated",15,288155.7598702001,0.80102,v-groove,150,0.5,7.694,3.847,2.04,False
uav_wing,"flat-plate analogy, friction-dominated",15,288155.7598702001,0.80102,u-groove,150,0.5,7.694,4.443,2.091,False
uav_wing,"flat-plate analogy, friction-dominated",15,288155.7598702001,0.80102,blade,200,0.5,10.259,7.07,6.542,True
uav_wing,"flat-plate analogy, friction-dominated",15,288155.7598702001,0.80102,scalloped,200,0.5,10.259,5.619,3.124,True
uav_wing,"flat-plate analogy, friction-dominated",15,288155.7598702001,0.80102,v-groove,200,0.5,10.259,5.129,2.721,True
uav_wing,"flat-plate analogy, friction-dominated",15,288155.7598702001,0.80102,u-groove,200,0.5,10.259,5.924,2.787,True
uav_wing,"flat-plate analogy, friction-dominated",18,345786.9118442401,0.94353,blade,20,0.5,1.208,0.833,0.771,False
uav_wing,"flat-plate analogy, friction-dominated",18,345786.9118442401,0.94353,scalloped,20,0.5,1.208,0.662,0.368,False
uav_wing,"flat-plate analogy, friction-dominated",18,345786.9118442401,0.94353,v-groove,20,0.5,1.208,0.604,0.32,False
uav_wing,"flat-plate analogy, friction-dominated",18,345786.9118442401,0.94353,u-groove,20,0.5,1.208,0.698,0.328,False
uav_wing,"flat-plate analogy, friction-dominated",18,345786.9118442401,0.94353,blade,30,0.5,1.813,1.249,1.156,False
uav_wing,"flat-plate analogy, friction-dominated",18,345786.9118442401,0.94353,scalloped,30,0.5,1.813,0.993,0.552,False
uav_wing,"flat-plate analogy, friction-dominated",18,345786.9118442401,0.94353,v-groove,30,0.5,1.813,0.906,0.481,False
uav_wing,"flat-plate analogy, friction-dominated",18,345786.9118442401,0.94353,u-groove,30,0.5,1.813,1.047,0.493,False
uav_wing,"flat-plate analogy, friction-dominated",18,345786.9118442401,0.94353,blade,40,0.5,2.417,1.666,1.541,False
uav_wing,"flat-plate analogy, friction-dominated",18,345786.9118442401,0.94353,scalloped,40,0.5,2.417,1.324,0.736,False
uav_wing,"flat-plate analogy, friction-dominated",18,345786.9118442401,0.94353,v-groove,40,0.5,2.417,1.208,0.641,False
uav_wing,"flat-plate analogy, friction-dominated",18,345786.9118442401,0.94353,u-groove,40,0.5,2.417,1.396,0.657,False
uav_wing,"flat-plate analogy, friction-dominated",18,345786.9118442401,0.94353,blade,50,0.5,3.021,2.082,1.926,False
uav_wing,"flat-plate analogy, friction-dominated",18,345786.9118442401,0.94353,scalloped,50,0.5,3.021,1.655,0.92,False
uav_wing,"flat-plate analogy, friction-dominated",18,345786.9118442401,0.94353,v-groove,50,0.5,3.021,1.51,0.801,False
uav_wing,"flat-plate analogy, friction-dominated",18,345786.9118442401,0.94353,u-groove,50,0.5,3.021,1.745,0.821,False
uav_wing,"flat-plate analogy, friction-dominated",18,345786.9118442401,0.94353,blade,60,0.5,3.625,2.498,2.312,False
uav_wing,"flat-plate analogy, friction-dominated",18,345786.9118442401,0.94353,scalloped,60,0.5,3.625,1.986,1.104,False
uav_wing,"flat-plate analogy, friction-dominated",18,345786.9118442401,0.94353,v-groove,60,0.5,3.625,1.813,0.961,False
uav_wing,"flat-plate analogy, friction-dominated",18,345786.9118442401,0.94353,u-groove,60,0.5,3.625,2.093,0.985,False
uav_wing,"flat-plate analogy, friction-dominated",18,345786.9118442401,0.94353,blade,80,0.5,4.833,3.331,3.082,False
uav_wing,"flat-plate analogy, friction-dominated",18,345786.9118442401,0.94353,scalloped,80,0.5,4.833,2.647,1.472,False
uav_wing,"flat-plate analogy, friction-dominated",18,345786.9118442401,0.94353,v-groove,80,0.5,4.833,2.417,1.282,False
uav_wing,"flat-plate analogy, friction-dominated",18,345786.9118442401,0.94353,u-groove,80,0.5,4.833,2.791,1.313,False
uav_wing,"flat-plate analogy, friction-dominated",18,345786.9118442401,0.94353,blade,100,0.5,6.042,4.164,3.853,False
uav_wing,"flat-plate analogy, friction-dominated",18,345786.9118442401,0.94353,scalloped,100,0.5,6.042,3.309,1.84,False
uav_wing,"flat-plate analogy, friction-dominated",18,345786.9118442401,0.94353,v-groove,100,0.5,6.042,3.021,1.602,False
uav_wing,"flat-plate analogy, friction-dominated",18,345786.9118442401,0.94353,u-groove,100,0.5,6.042,3.489,1.642,False
uav_wing,"flat-plate analogy, friction-dominated",18,345786.9118442401,0.94353,blade,150,0.5,9.063,6.246,5.779,False
uav_wing,"flat-plate analogy, friction-dominated",18,345786.9118442401,0.94353,scalloped,150,0.5,9.063,4.964,2.76,False
uav_wing,"flat-plate analogy, friction-dominated",18,345786.9118442401,0.94353,v-groove,150,0.5,9.063,4.531,2.403,False
uav_wing,"flat-plate analogy, friction-dominated",18,345786.9118442401,0.94353,u-groove,150,0.5,9.063,5.234,2.463,False
uav_wing,"flat-plate analogy, friction-dominated",18,345786.9118442401,0.94353,blade,200,0.5,12.084,8.328,7.705,True
uav_wing,"flat-plate analogy, friction-dominated",18,345786.9118442401,0.94353,scalloped,200,0.5,12.084,6.619,3.68,True
uav_wing,"flat-plate analogy, friction-dominated",18,345786.9118442401,0.94353,v-groove,200,0.5,12.084,6.042,3.205,True
uav_wing,"flat-plate analogy, friction-dominated",18,345786.9118442401,0.94353,u-groove,200,0.5,12.084,6.978,3.283,True
uav_wing,"flat-plate analogy, friction-dominated",20,384207.6798269335,1.0373,blade,20,0.5,1.328,0.916,0.847,False
uav_wing,"flat-plate analogy, friction-dominated",20,384207.6798269335,1.0373,scalloped,20,0.5,1.328,0.728,0.405,False
uav_wing,"flat-plate analogy, friction-dominated",20,384207.6798269335,1.0373,v-groove,20,0.5,1.328,0.664,0.352,False
uav_wing,"flat-plate analogy, friction-dominated",20,384207.6798269335,1.0373,u-groove,20,0.5,1.328,0.767,0.361,False
uav_wing,"flat-plate analogy, friction-dominated",20,384207.6798269335,1.0373,blade,30,0.5,1.993,1.373,1.271,False
uav_wing,"flat-plate analogy, friction-dominated",20,384207.6798269335,1.0373,scalloped,30,0.5,1.993,1.091,0.607,False
uav_wing,"flat-plate analogy, friction-dominated",20,384207.6798269335,1.0373,v-groove,30,0.5,1.993,0.996,0.528,False
uav_wing,"flat-plate analogy, friction-dominated",20,384207.6798269335,1.0373,u-groove,30,0.5,1.993,1.151,0.541,False
uav_wing,"flat-plate analogy, friction-dominated",20,384207.6798269335,1.0373,blade,40,0.5,2.657,1.831,1.694,False
uav_wing,"flat-plate analogy, friction-dominated",20,384207.6798269335,1.0373,scalloped,40,0.5,2.657,1.455,0.809,False
uav_wing,"flat-plate analogy, friction-dominated",20,384207.6798269335,1.0373,v-groove,40,0.5,2.657,1.328,0.705,False
uav_wing,"flat-plate analogy, friction-dominated",20,384207.6798269335,1.0373,u-groove,40,0.5,2.657,1.534,0.722,False
uav_wing,"flat-plate analogy, friction-dominated",20,384207.6798269335,1.0373,blade,50,0.5,3.321,2.289,2.118,False
uav_wing,"flat-plate analogy, friction-dominated",20,384207.6798269335,1.0373,scalloped,50,0.5,3.321,1.819,1.012,False
uav_wing,"flat-plate analogy, friction-dominated",20,384207.6798269335,1.0373,v-groove,50,0.5,3.321,1.661,0.881,False
uav_wing,"flat-plate analogy, friction-dominated",20,384207.6798269335,1.0373,u-groove,50,0.5,3.321,1.918,0.902,False
uav_wing,"flat-plate analogy, friction-dominated",20,384207.6798269335,1.0373,blade,60,0.5,3.985,2.747,2.541,False
uav_wing,"flat-plate analogy, friction-dominated",20,384207.6798269335,1.0373,scalloped,60,0.5,3.985,2.183,1.214,False
uav_wing,"flat-plate analogy, friction-dominated",20,384207.6798269335,1.0373,v-groove,60,0.5,3.985,1.993,1.057,False
uav_wing,"flat-plate analogy, friction-dominated",20,384207.6798269335,1.0373,u-groove,60,0.5,3.985,2.302,1.083,False
uav_wing,"flat-plate analogy, friction-dominated",20,384207.6798269335,1.0373,blade,80,0.5,5.314,3.662,3.388,False
uav_wing,"flat-plate analogy, friction-dominated",20,384207.6798269335,1.0373,scalloped,80,0.5,5.314,2.911,1.618,False
uav_wing,"flat-plate analogy, friction-dominated",20,384207.6798269335,1.0373,v-groove,80,0.5,5.314,2.657,1.409,False
uav_wing,"flat-plate analogy, friction-dominated",20,384207.6798269335,1.0373,u-groove,80,0.5,5.314,3.069,1.444,False
uav_wing,"flat-plate analogy, friction-dominated",20,384207.6798269335,1.0373,blade,100,0.5,6.642,4.578,4.236,False
uav_wing,"flat-plate analogy, friction-dominated",20,384207.6798269335,1.0373,scalloped,100,0.5,6.642,3.638,2.023,False
uav_wing,"flat-plate analogy, friction-dominated",20,384207.6798269335,1.0373,v-groove,100,0.5,6.642,3.321,1.762,False
uav_wing,"flat-plate analogy, friction-dominated",20,384207.6798269335,1.0373,u-groove,100,0.5,6.642,3.836,1.805,False
uav_wing,"flat-plate analogy, friction-dominated",20,384207.6798269335,1.0373,blade,150,0.5,9.963,6.867,6.353,False
uav_wing,"flat-plate analogy, friction-dominated",20,384207.6798269335,1.0373,scalloped,150,0.5,9.963,5.457,3.035,False
uav_wing,"flat-plate analogy, friction-dominated",20,384207.6798269335,1.0373,v-groove,150,0.5,9.963,4.982,2.642,False
uav_wing,"flat-plate analogy, friction-dominated",20,384207.6798269335,1.0373,u-groove,150,0.5,9.963,5.754,2.707,False
uav_wing,"flat-plate analogy, friction-dominated",20,384207.6798269335,1.0373,blade,200,0.5,13.285,9.156,8.471,True
uav_wing,"flat-plate analogy, friction-dominated",20,384207.6798269335,1.0373,scalloped,200,0.5,13.285,7.276,4.046,True
uav_wing,"flat-plate analogy, friction-dominated",20,384207.6798269335,1.0373,v-groove,200,0.5,13.285,6.642,3.523,True
uav_wing,"flat-plate analogy, friction-dominated",20,384207.6798269335,1.0373,u-groove,200,0.5,13.285,7.672,3.61,True
